metrica,v1,v2
MAE,1.1912018631839525,1.1752346303404515
RMSE,1.493379909252995,1.4665675376535559
R²,0.6470508784325437,0.568190918347546
modelo_v1,Regressão Linear,
modelo_v2,,Regressão Linear
