metrica,v1,v2
n_linhas,2500.0,2342.0
nps_medio,4.3786,4.67399658411614
nps_oficial,-79.96,-78.60802732707087
pct_detrator,84.36,83.30486763450043
pct_neutro,11.24,11.998292058070026
pct_promotor,4.3999999999999995,4.6968403074295475
