metrica,v1,v2
Accuracy,0.914,0.9147121535181236
Precision,0.9092872570194385,0.9110070257611241
Recall,0.9976303317535545,0.9948849104859335
F1,0.9514124293785311,0.9511002444987775
AUC,0.9196135617936565,0.8981900452488687
modelo_v1,Random Forest,
modelo_v2,,Regressão Logística
